NYSE,TSX
A,AAB.TO
AA,AAPL.TO
AACT,AAUC.TO
AAM,AAV.TO
AAMI,ABX.TO
AAP,AC.TO
AAT,ACAA.TO
AB,ACB.TO
ABBV,ACD.TO
ABCB,ACQ.TO
ABEV,ACX.TO
ABG,ADCO.TO
ABM,ADEN.TO
ABR,ADIV.TO
ABR-D,ADN.TO
ABR-E,AEG.TO
ABR-F,AEM.TO
ABT,AFN.TO
AC,AG.TO
ACA,AGG.TO
ACCO,AGI.TO
ACEL,AI.TO
ACHR,AIDX.TO
ACI,AIF.TO
ACLO,AIGO.TO
ACM,AII.TO
ACN,AIM.TO
ACP,ALA.TO
ACP-A,ALC.TO
ACR,ALS.TO
ACR-C,ALYA.TO
ACR-D,AMAX.TO
ACRE,AMC.TO
ACV,AMD.TO
ADC,AMHE.TO
ADC-A,AMM.TO
ADCT,AMZH.TO
ADM,AMZN.TO
ADNT,AND.TO
ADT,ANRG.TO
ADX,AOI.TO
AEE,AOT.TO
AEFC,APLI.TO
AEG,APM.TO
AEM,APS.TO
AEO,AQN.TO
AER,ARA.TO
AES,ARB.TO
AESI,ARE.TO
AEVA,ARG.TO
AFB,ARIS.TO
AFG,ARTI.TO
AFGB,ARX.TO
AFGC,ASCU.TO
AFGD,ASM.TO
AFGE,ASND.TO
AFL,ASTL.TO
AG,ATCU.TO
AGCO,ATD.TO
AGD,ATH.TO
AGI,ATMD.TO
AGL,ATMU.TO
AGM,ATRL.TO
AGM-D,ATS.TO
AGM-E,ATSX.TO
AGM-F,ATZ.TO
AGM-G,AUMN.TO
AGO,AVCN.TO
AGRO,AVL.TO
AGS,AVNT.TO
AGX,AW.TO
AHH,AYA.TO
AHH-A,BABY.TO
AHL-D,BAM.TO
AHL-E,BANK.TO
AHL-F,BASE.TO
AHR,BB.TO
AHT,BBUC.TO
AHT-D,BCE.TO
AHT-F,BCHT.TO
AHT-G,BCT.TO
AHT-H,BDGI.TO
AHT-I,BDI.TO
AI,BDIV.TO
AIFD,BDT.TO
AIG,BEPC.TO
AIN,BEPR.TO
AIO,BESG.TO
AIR,BFIN.TO
AIT,BGC.TO
AIV,BGIE.TO
AIZ,BGU.TO
AIZN,BHC.TO
AJG,BIPC.TO
AKA,BIR.TO
AKR,BITF.TO
AL,BITI.TO
ALB,BK.TO
ALB-A,BKCC.TO
ALC,BKCL.TO
ALE,BKI.TO
ALEX,BLCK.TO
ALG,BLCO.TO
ALIT,BLDP.TO
ALK,BLN.TO
ALL,BLOV.TO
ALL-B,BLX.TO
ALL-H,BMAX.TO
ALL-I,BMO.TO
ALL-J,BN.TO
ALLE,BNC.TO
ALLY,BND.TO
ALSN,BNE.TO
ALT-A,BNG.TO
ALTG,BNK.TO
ALTM,BNKL.TO
ALUR,BNS.TO
ALV,BNT.TO
ALX,BOND.TO
AM,BOS.TO
AMBC,BPRF.TO
AMBP,BR.TO
AMC,BRAG.TO
AMCR,BRE.TO
AME,BRK.TO
AMG,BRMI.TO
AMH,BRY.TO
AMH-G,BSKT.TO
AMH-H,BSX.TO
AMN,BTCC.TO
AMP,BTCQ.TO
AMPS,BTCY.TO
AMPX,BTE.TO
AMPY,BTO.TO
AMR,BU.TO
AMRC,BUI.TO
AMT,BXF.TO
AMTB,BYD.TO
AMTD,BYL.TO
AMTM,CACB.TO
AMWL,CAE.TO
AMX,CAFR.TO
AN,CAGG.TO
ANET,CALL.TO
ANF,CANL.TO
ANG-A,CAPG.TO
ANG-B,CAPI.TO
ANG-D,CAPM.TO
ANRO,CAPW.TO
ANVS,CARB.TO
AOD,CARS.TO
AOMN,CAS.TO
AOMR,CASH.TO
AON,CBAL.TO
AORT,CBCX.TO
AOS,CBGR.TO
AP,CBH.TO
APAM,CBIL.TO
APD,CBIN.TO
APG,CBND.TO
APH,CBNK.TO
APLE,CBO.TO
APO,CBUG.TO
APO-A,CCA.TO
APOS,CCBD.TO
APTV,CCBI.TO
AQN,CCEI.TO
AQNB,CCM.TO
AR,CCNS.TO
ARCO,CCNV.TO
ARDC,CCO.TO
ARDT,CCOM.TO
ARE,CCRE.TO
ARE-B,CDEF.TO
ARES,CDIV.TO
ARG-A,CDLB.TO
ARGD,CDNA.TO
ARI,CDR.TO
ARIS,CDZ.TO
ARL,CEF.TO
ARLO,CEMI.TO
ARMK,CEMX.TO
AROC,CEQT.TO
ARR,CEU.TO
ARR-C,CEW.TO
ARW,CF.TO
AS,CFF.TO
ASA,CFLX.TO
ASAN,CFOD.TO
ASB,CFOU.TO
ASB-E,CFP.TO
ASB-F,CFRT.TO
ASBA,CFW.TO
ASC,CFX.TO
ASG,CG.TO
ASGI,CGAA.TO
ASGN,CGBI.TO
ASH,CGDV.TO
ASIX,CGG.TO
ASPN,CGHY.TO
ASR,CGI.TO
ASX,CGIN.TO
ATC-D,CGL.TO
ATC-H,CGLO.TO
ATEN,CGO.TO
ATGE,CGR.TO
ATH-A,CGRA.TO
ATH-B,CGRB.TO
ATH-C,CGRE.TO
ATH-D,CGRN.TO
ATH-E,CGRO.TO
ATHM,CGX.TO
ATHS,CGXF.TO
ATI,CGY.TO
ATKR,CHPS.TO
ATMU,CHR.TO
ATO,CIA.TO
ATR,CIAI.TO
ATS,CIBR.TO
ATUS,CIC.TO
AU,CIEH.TO
AUB,CIEI.TO
AUB-A,CIEM.TO
AUNA,CIF.TO
AVA,CIGI.TO
AVAL,CINF.TO
AVB,CINT.TO
AVD,CINV.TO
AVK,CIX.TO
AVNS,CJ.TO
AVNT,CJT.TO
AVTR,CKI.TO
AVY,CLDN.TO
AWF,CLF.TO
AWI,CLG.TO
AWK,CLML.TO
AWP,CLS.TO
AWR,CLUP.TO
AX,CM.TO
AXL,CMAG.TO
AXP,CMAR.TO
AXR,CMDO.TO
AXS,CMEY.TO
AXS-E,CMG.TO
AXTA,CMGG.TO
AYI,CMNY.TO
AZEK,CMOM.TO
AZO,CMR.TO
AZUL,CMVP.TO
AZZ,CNAO.TO
BA,CNCC.TO
BA-A,CNCL.TO
BABA,CNDD.TO
BAC,CNDI.TO
BAC-B,CNDU.TO
BAC-E,CNDX.TO
BAC-K,CNE.TO
BAC-L,CNL.TO
BAC-M,CNQ.TO
BAC-N,CNR.TO
BAC-O,CNT.TO
BAC-P,CNV.TO
BAC-Q,COLA.TO
BAC-S,COMM.TO
BAH,CONY.TO
BAK,COPP.TO
BALL,COPR.TO
BALY,CORE.TO
BAM,COST.TO
BAN-F,COW.TO
BANC,CP.TO
BAP,CPD.TO
BARK,CPH.TO
BAX,CPLS.TO
BB,CPX.TO
BBAI,CRDL.TO
BBAR,CRED.TO
BBD,CRON.TO
BBDC,CROP.TO
BBDO,CRP.TO
BBN,CRRX.TO
BBU,CRWN.TO
BBUC,CS.TO
BBVA,CSAV.TO
BBW,CSBI.TO
BBWI,CSCI.TO
BBY,CSCO.TO
BC,CSU.TO
BC-A,CTC.TO
BC-C,CTS.TO
BCAT,CTX.TO
BCC,CU.TO
BCE,CUBD.TO
BCH,CUD.TO
BCO,CUDV.TO
BCS,CUEH.TO
BCSF,CUEI.TO
BCX,CURA.TO
BDC,CUTL.TO
BDJ,CVD.TO
BDN,CVE.TO
BDX,CVG.TO
BE,CVLU.TO
BEDU,CVO.TO
BEKE,CWB.TO
BEN,CWEB.TO
BEP,CWIN.TO
BEP-A,CWL.TO
BEPC,CWW.TO
BEPH,CXB.TO
BEPI,CXF.TO
BEPJ,CXI.TO
BERY,CYB.TO
BEST,CYBR.TO
BFAM,CYH.TO
BFH,DAMG.TO
BFK,DANC.TO
BFLY,DATA.TO
BFS,DAY.TO
BFS-D,DBM.TO
BFS-E,DBO.TO
BFZ,DCBC.TO
BG,DCBO.TO
BGB,DCC.TO
BGH,DCG.TO
BGR,DCM.TO
BGS,DCP.TO
BGSF,DCS.TO
BGT,DCU.TO
BGX,DF.TO
BGY,DFN.TO
BH,DFY.TO
BHC,DGR.TO
BHE,DGRC.TO
BHK,DGS.TO
BHLB,DIAM.TO
BHP,DISC.TO
BHR,DIV.TO
BHR-B,DIVS.TO
BHR-D,DLCG.TO
BHV,DLR.TO
BHVN,DMEC.TO
BIGZ,DMEI.TO
BILL,DMEU.TO
BIO,DML.TO
BIP,DND.TO
BIP-A,DNG.TO
BIP-B,DNTL.TO
BIPC,DOL.TO
BIPH,DOO.TO
BIPI,DPM.TO
BIPJ,DR.TO
BIRK,DRCU.TO
BIT,DRFC.TO
BJ,DRFD.TO
BK,DRFE.TO
BKD,DRFG.TO
BKDT,DRFU.TO
BKE,DRM.TO
BKH,DRMC.TO
BKKT,DRMD.TO
BKN,DRME.TO
BKSY,DRMU.TO
BKT,DRT.TO
BKU,DRX.TO
BKV,DS.TO
BLCO,DSAE.TO
BLD,DSG.TO
BLDR,DSV.TO
BLE,DTOL.TO
BLK,DXAU.TO
BLND,DXB.TO
BLW,DXBB.TO
BLX,DXBC.TO
BMA,DXBG.TO
BME,DXBU.TO
BMEZ,DXC.TO
BMI,DXCB.TO
BML-G,DXCO.TO
BML-H,DXCP.TO
BML-J,DXDB.TO
BML-L,DXEM.TO
BMN,DXET.TO
BMO,DXF.TO
BMY,DXG.TO
BN,DXGE.TO
BNED,DXID.TO
BNH,DXIF.TO
BNJ,DXMO.TO
BNL,DXN.TO
BNS,DXO.TO
BNT,DXP.TO
BNY,DXQ.TO
BOC,DXR.TO
BODI,DXRE.TO
BOE,DXT.TO
BOH,DXU.TO
BOH-A,DXUS.TO
BOH-B,DXV.TO
BOND,DXW.TO
BOOT,DXZ.TO
BORR,DYA.TO
BOW,E.TO
BOX,EAGR.TO
BP,EARN.TO
BPT,EBIT.TO
BR,EBNK.TO
BRBR,ECN.TO
BRC,ECO.TO
BRCC,ECOR.TO
BRDG,EDGE.TO
BRFS,EDGF.TO
BRO,EDR.TO
BROS,EDT.TO
BRSP,EDV.TO
BRT,EFN.TO
BRW,EFR.TO
BRX,EFX.TO
BSAC,EGIF.TO
BSBR,EGLX.TO
BSL,EIF.TO
BSM,ELD.TO
BST,ELEF.TO
BSTZ,ELF.TO
BSX,ELO.TO
BTA,ELR.TO
BTCM,ELVA.TO
BTE,EMA.TO
BTI,EMAX.TO
BTO,ENB.TO
BTT,ENCC.TO
BTU,ENCL.TO
BTX,ENGH.TO
BTZ,ENS.TO
BUD,EPRX.TO
BUI,EQB.TO
BUR,EQCC.TO
BURL,EQCL.TO
BUXX,EQL.TO
BV,EQLI.TO
BVN,EQX.TO
BW,ERD.TO
BW-A,ERO.TO
BWA,ESG.TO
BWG,ESGA.TO
BWLP,ESGB.TO
BWMX,ESGC.TO
BWNB,ESGE.TO
BWSN,ESGF.TO
BWXT,ESGG.TO
BX,ESGH.TO
BXC,ESGY.TO
BXMT,ESI.TO
BXMX,ESM.TO
BXP,ESP.TO
BXSL,ESPX.TO
BY,ET.TO
BYD,ETC.TO
BYM,ETG.TO
BYON,ETHH.TO
BZH,ETHI.TO
C,ETHQ.TO
C-N,ETHR.TO
CAAP,ETHY.TO
CABO,ETP.TO
CACI,ETSX.TO
CAD-A,EVO.TO
CADE,EVT.TO
CAE,EXE.TO
CAF,EXN.TO
CAG,EXRO.TO
CAH,FAP.TO
CAL,FAR.TO
CALX,FAUS.TO
CANG,FBGO.TO
CAPL,FBT.TO
CARR,FBTC.TO
CARS,FC.TO
CAT,FCAB.TO
CATO,FCCD.TO
CAVA,FCCQ.TO
CB,FCCV.TO
CBAN,FCEM.TO
CBL,FCGI.TO
CBNA,FCID.TO
CBRE,FCII.TO
CBT,FCIQ.TO
CBU,FCIV.TO
CBZ,FCMI.TO
CC,FCQH.TO
CCI,FCRR.TO
CCIA,FCSI.TO
CCIF,FCUB.TO
CCJ,FCUD.TO
CCK,FCUH.TO
CCL,FCUQ.TO
CCM,FCUV.TO
CCO,FCVH.TO
CCRD,FDL.TO
CCS,FDN.TO
CCU,FDY.TO
CCZ,FEC.TO
CDE,FETH.TO
CDLR,FF.TO
CDP,FFH.TO
CDR-B,FFM.TO
CDR-C,FFN.TO
CDRE,FGB.TO
CE,FGEB.TO
CEE,FGEP.TO
CEPU,FGGE.TO
CF,FGO.TO
CFG,FGOV.TO
CFG-E,FGRW.TO
CFG-H,FHG.TO
CFR,FHI.TO
CFR-B,FHIS.TO
CGAU,FHQ.TO
CGV,FIE.TO
CHCT,FIG.TO
CHD,FINC.TO
CHE,FINE.TO
CHGG,FINO.TO
CHH,FINT.TO
CHM-A,FLCI.TO
CHM-B,FLCP.TO
CHMI,FLGA.TO
CHN,FLI.TO
CHPT,FLNT.TO
CHT,FLOW.TO
CHWY,FLSD.TO
CI,FLUS.TO
CIA,FLX.TO
CIB,FM.TO
CICB,FMAX.TO
CIEN,FN.TO
CIF,FNV.TO
CIG,FOM.TO
CII,FOOD.TO
CIM,FORA.TO
CIM-A,FOUR.TO
CIM-B,FPR.TO
CIM-C,FRU.TO
CIM-D,FRX.TO
CIMN,FSB.TO
CIMO,FSF.TO
CINT,FSL.TO
CIO,FST.TO
CIO-A,FSV.TO
CION,FSY.TO
CIVI,FSZ.TO
CL,FT.TO
CLB,FTG.TO
CLBR,FTHI.TO
CLCO,FTN.TO
CLD-A,FTS.TO
CLDT,FTT.TO
CLF,FTU.TO
CLH,FURY.TO
CLPR,FVI.TO
CLS,FVL.TO
CLVT,FXM.TO
CLW,G.TO
CLX,GAU.TO
CM,GBAL.TO
CMA,GBT.TO
CMBT,GCBD.TO
CMC,GCFE.TO
CMCM,GCG.TO
CMG,GCL.TO
CMI,GCNS.TO
CMP,GCSC.TO
CMR-B,GCTB.TO
CMR-C,GCU.TO
CMR-D,GDC.TO
CMRE,GDEP.TO
CMS,GDI.TO
CMS-B,GDL.TO
CMS-C,GDPY.TO
CMSA,GDV.TO
CMSC,GDXD.TO
CMSD,GDXU.TO
CMTG,GEC.TO
CMU,GEI.TO
CNA,GENM.TO
CNC,GEO.TO
CNF,GEQT.TO
CNH,GFL.TO
CNI,GFP.TO
CNK,GFR.TO
CNM,GGD.TO
CNMD,GGRO.TO
CNNE,GH.TO
CNO,GIES.TO
CNO-A,GIGC.TO
CNP,GIL.TO
CNQ,GIQG.TO
CNR,GIQU.TO
CNS,GLCC.TO
CNX,GLDD.TO
COD-A,GLDU.TO
COD-B,GLDX.TO
COD-C,GLO.TO
CODI,GLXY.TO
COF,GMIN.TO
COF-I,GMTN.TO
COF-J,GMX.TO
COF-K,GOLD.TO
COF-L,GOOG.TO
COF-N,GOOS.TO
COHR,GPMD.TO
COLD,GRA.TO
COMP,GRC.TO
CON,GRCC.TO
COOK,GRGD.TO
COP,GRID.TO
COR,GRN.TO
COTY,GRNI.TO
COUR,GRO.TO
CP,GSY.TO
CPA,GTE.TO
CPAC,GTWO.TO
CPAI,GUD.TO
CPAY,GURU.TO
CPF,GVC.TO
CPK,GWO.TO
CPNG,GXE.TO
CPRI,H.TO
CPS,HAB.TO
CPT,HAC.TO
CQP,HAD.TO
CR,HAF.TO
CRBD,HAI.TO
CRBG,HAL.TO
CRC,HAZ.TO
CRGY,HBA.TO
CRH,HBAL.TO
CRI,HBB.TO
CRK,HBF.TO
CRL,HBGD.TO
CRM,HBIE.TO
CRS,HBIG.TO
CRT,HBIL.TO
CSAN,HBLK.TO
CSL,HBM.TO
CSR,HBND.TO
CSTM,HBNK.TO
CSV,HBP.TO
CTA-A,HBUG.TO
CTA-B,HCA.TO
CTBB,HCAL.TO
CTDD,HCLN.TO
CTO,HCON.TO
CTO-A,HCRE.TO
CTOS,HDGE.TO
CTRA,HDIF.TO
CTRE,HDIV.TO
CTRI,HEB.TO
CTS,HEQL.TO
CTV,HEQT.TO
CTVA,HERO.TO
CUB-E,HEWB.TO
CUB-F,HFG.TO
CUBB,HFIN.TO
CUBE,HFN.TO
CUBI,HFR.TO
CUK,HGGB.TO
CULP,HGGG.TO
CURB,HGR.TO
CURV,HGRW.TO
CUZ,HGY.TO
CVE,HHIS.TO
CVEO,HHL.TO
CVI,HHLE.TO
CVLG,HIG.TO
CVNA,HIND.TO
CVS,HLF.TO
CVX,HLIF.TO
CW,HLIT.TO
CWAN,HLPR.TO
CWEN,HLS.TO
CWH,HMAX.TO
CWK,HMMJ.TO
CWT,HMP.TO
CX,HND.TO
CXE,HNU.TO
CXH,HOD.TO
CXM,HOU.TO
CXT,HPF.TO
CXW,HPR.TO
CYD,HPYM.TO
CYH,HPYT.TO
D,HRAA.TO
DAC,HRIF.TO
DAL,HRX.TO
DAN,HSAV.TO
DAO,HSH.TO
DAR,HTA.TO
DAVA,HTAE.TO
DAY,HTB.TO
DB,HUBL.TO
DBD,HUC.TO
DBI,HUG.TO
DBL,HULC.TO
DBR-H,HUM.TO
DBR-I,HUN.TO
DBR-J,HURA.TO
DBRG,HUT.TO
DCI,HUTE.TO
DCO,HUTL.TO
DD,HUTS.TO
DDD,HUZ.TO
DDL,HWO.TO
DDS,HWX.TO
DDT,HXCN.TO
DE,HXDM.TO
DEA,HXE.TO
DEC,HXEM.TO
DECK,HXF.TO
DEI,HXH.TO
DELL,HXQ.TO
DEO,HXS.TO
DESP,HXT.TO
DFH,HXX.TO
DFIN,HYBR.TO
DFP,HYLD.TO
DFS,IAG.TO
DG,IAU.TO
DGX,ICAE.TO
DHF,ICCB.TO
DHI,ICE.TO
DHR,ICGB.TO
DHT,ICPB.TO
DHX,ICTE.TO
DIAX,IE.TO
DIN,IFA.TO
DINO,IFC.TO
DIS,IFP.TO
DIVY,IFRF.TO
DK,IGAF.TO
DKL,IGB.TO
DKS,IGCF.TO
DLB,IGEO.TO
DLN-A,IGET.TO
DLN-B,IGM.TO
DLNG,IIAE.TO
DLR,IICE.TO
DLR-J,III.TO
DLR-K,IIMF.TO
DLR-L,ILGB.TO
DLX,ILLM.TO
DLY,IMG.TO
DM,IMO.TO
DMA,IMP.TO
DMB,INAI.TO
DMO,INCM.TO
DNA,INE.TO
DNB,INOC.TO
DNOW,IPCO.TO
DNP,IPO.TO
DOC,IQD.TO
DOCN,IS.TO
DOCS,ISC.TO
DOLE,ISCB.TO
DOUG,ISIF.TO
DOV,ISO.TO
DOW,ISTE.TO
DPG,ITH.TO
DQ,IUAE.TO
DRD,IUCE.TO
DRH,IUMF.TO
DRH-A,IUTE.TO
DRI,IVN.TO
DRLL,IVQ.TO
DSL,IWBE.TO
DSM,IXTE.TO
DSMC,JAG.TO
DSTX,JAPN.TO
DSU,JEPI.TO
DSX,JEPQ.TO
DSX-B,JOY.TO
DT,JWEL.TO
DTB,K.TO
DTC,KBL.TO
DTE,KEC.TO
DTF,KEI.TO
DTG,KEL.TO
DTM,KEY.TO
DTW,KILO.TO
DUK,KITS.TO
DUK-A,KLS.TO
DUKB,KNGC.TO
DV,KNGU.TO
DVA,KNGX.TO
DVN,KNT.TO
DX,KPT.TO
DX-C,KRN.TO
DXC,KSI.TO
DXYZ,KXS.TO
DY,L.TO
E,LABS.TO
EAF,LAC.TO
EAI,LAM.TO
EARN,LAR.TO
EAT,LB.TO
EB,LBS.TO
EBF,LCFS.TO
EBR,LCS.TO
EBS,LEAD.TO
EC,LFE.TO
ECAT,LGD.TO
ECC,LGO.TO
ECC-D,LIF.TO
ECCC,LIFE.TO
ECCF,LIRC.TO
ECCU,LLHE.TO
ECCV,LLYH.TO
ECCW,LMAX.TO
ECCX,LN.TO
ECG,LNF.TO
ECL,LNR.TO
ECO,LONG.TO
ECVT,LPAY.TO
ED,LSPD.TO
EDD,LSPK.TO
EDF,LUC.TO
EDN,LUG.TO
EDR,LUN.TO
EDU,LYCT.TO
EE,LYFR.TO
EEA,MAG.TO
EEX,MAL.TO
EFC,MARI.TO
EFC-A,MART.TO
EFC-B,MATR.TO
EFC-C,MBAL.TO
EFC-D,MBX.TO
EFR,MCAD.TO
EFT,MCB.TO
EFX,MCLC.TO
EFXT,MCLV.TO
EG,MCON.TO
EGF,MCSB.TO
EGO,MCSM.TO
EGP,MDA.TO
EGY,MDI.TO
EHAB,MDIV.TO
EHC,MDNA.TO
EHI,MDP.TO
EIC,MDVD.TO
EICA,MEG.TO
EICB,MEQ.TO
EICC,MEQT.TO
EIG,META.TO
EIIA,METE.TO
EIX,MFC.TO
EL,MFI.TO
ELAN,MFT.TO
ELC,MG.TO
ELF,MGA.TO
ELME,MGAB.TO
ELP,MGB.TO
ELPC,MGDV.TO
ELS,MGQE.TO
ELV,MGRW.TO
EMD,MHCD.TO
EME,MINF.TO
EMF,MINN.TO
EMN,MINT.TO
EMO,MIQE.TO
EMP,MIVG.TO
EMR,MKB.TO
ENB,MKP.TO
ENFN,MND.TO
ENFY,MNO.TO
ENIC,MNS.TO
ENJ,MNT.TO
ENLC,MNXT.TO
ENO,MNY.TO
ENOV,MOGO.TO
ENR,MORE.TO
ENS,MPAY.TO
ENVA,MPC.TO
ENZ,MPVD.TO
EOD,MPY.TO
EOG,MRC.TO
EOI,MRD.TO
EOS,MRE.TO
EOT,MREL.TO
EP-C,MRU.TO
EPAC,MSA.TO
EPAM,MSCL.TO
EPC,MSFH.TO
EPD,MSFT.TO
EPR,MSHE.TO
EPR-C,MSTY.TO
EPR-E,MSV.TO
EPR-G,MTAV.TO
EPRT,MTL.TO
EQBK,MTRX.TO
EQC,MTY.TO
EQH,MUB.TO
EQH-A,MULC.TO
EQH-C,MULV.TO
EQNR,MUMC.TO
EQR,MUSA.TO
EQS,MUSC.TO
EQT,MUX.TO
EQV,MWLV.TO
ERJ,MX.TO
ERO,MXG.TO
ES,NA.TO
ESAB,NALT.TO
ESE,NANO.TO
ESI,NCF.TO
ESNT,NDIV.TO
ESRT,NDM.TO
ESS,NEO.TO
ESTC,NEXT.TO
ET,NFI.TO
ET-I,NG.TO
ETB,NGD.TO
ETD,NGDN.TO
ETG,NGEX.TO
ETJ,NGPE.TO
ETN,NGT.TO
ETO,NGUP.TO
ETR,NHYB.TO
ETV,NINT.TO
ETW,NOA.TO
ETWO,NOU.TO
ETX,NPI.TO
ETY,NPK.TO
EVC,NPRF.TO
EVEX,NPS.TO
EVF,NREA.TO
EVG,NRGD.TO
EVH,NRGU.TO
EVN,NRGY.TO
EVR,NSCB.TO
EVRI,NSCC.TO
EVT,NSCE.TO
EVTC,NSGE.TO
EVTL,NSSB.TO
EVTR,NTR.TO
EW,NUAG.TO
EXG,NUBF.TO
EXK,NUMI.TO
EXP,NUSA.TO
EXPD,NVA.TO
EXR,NVDA.TO
F,NVDH.TO
F-B,NVHE.TO
F-C,NVO.TO
F-D,NWC.TO
FAF,NXE.TO
FBIN,NXF.TO
FBK,NXTG.TO
FBMS,OBE.TO
FBP,OGC.TO
FBR-E,OGD.TO
FBRT,OGI.TO
FC,OLA.TO
FCF,OLY.TO
FCN,ONC.TO
FCPT,ONEB.TO
FCRX,ONEC.TO
FCT,ONEQ.TO
FCX,ONEX.TO
FDP,OPT.TO
FDS,OR.TO
FDX,ORA.TO
FE,ORE.TO
FEDU,ORV.TO
FENG,OTEX.TO
FERG,OVV.TO
FET,PAAS.TO
FF,PABF.TO
FFA,PACF.TO
FFC,PAGF.TO
FFWM,PAY.TO
FG,PAYF.TO
FGB,PAYL.TO
FGN,PAYM.TO
FGSN,PAYS.TO
FHI,PBD.TO
FHN,PBH.TO
FHN-B,PBI.TO
FHN-C,PBL.TO
FHN-E,PCON.TO
FHN-F,PCOR.TO
FI,PD.TO
FICO,PDC.TO
FIGS,PDF.TO
FIHL,PDIV.TO
FINS,PDN.TO
FINV,PDV.TO
FIS,PEA.TO
FIX,PET.TO
FL,PEY.TO
FLC,PFAA.TO
FLG,PFAE.TO
FLG-A,PFCB.TO
FLG-U,PFIA.TO
FLNG,PFIG.TO
FLO,PFL.TO
FLOC,PFLS.TO
FLR,PFMN.TO
FLS,PFMS.TO
FLUT,PFSS.TO
FLXR,PGIC.TO
FMC,PHE.TO
FMN,PHR.TO
FMS,PHX.TO
FMX,PHYS.TO
FMY,PID.TO
FN,PIF.TO
FNA,PIN.TO
FNB,PINC.TO
FND,PINV.TO
FNF,PKI.TO
FNV,PLDI.TO
FOA,PLTE.TO
FOF,PLV.TO
FOR,PME.TO
FOUR,PMET.TO
FPF,PMIF.TO
FPH,PMM.TO
FPI,PMNT.TO
FR,PNE.TO
FRA,PNP.TO
FREY,POU.TO
FRGE,POW.TO
FRO,PPL.TO
FRT,PPLN.TO
FRT-C,PPR.TO
FSCO,PPTA.TO
FSK,PR.TO
FSLY,PRA.TO
FSM,PRB.TO
FSS,PREF.TO
FT,PRL.TO
FTHY,PRM.TO
FTI,PRN.TO
FTK,PRP.TO
FTS,PRQ.TO
FTV,PRU.TO
FTWO,PRYM.TO
FUBO,PSA.TO
FUL,PSB.TO
FUN,PSD.TO
FVR,PSI.TO
FVRR,PSK.TO
FXED,PSLV.TO
G,PTM.TO
GAB,PWI.TO
GAB-G,PXC.TO
GAB-H,PXS.TO
GAB-K,PXT.TO
GAM,PYF.TO
GAM-B,PYR.TO
GAP,PZA.TO
GATX,PZW.TO
GB,QAH.TO
GBAB,QASH.TO
GBCI,QBB.TO
GBLI,QBTC.TO
GBTG,QBTL.TO
GBX,QCE.TO
GCI,QCLN.TO
GCO,QCN.TO
GCTS,QDX.TO
GCV,QDXB.TO
GD,QDXH.TO
GDDY,QEBH.TO
GDIV,QEBL.TO
GDL,QEC.TO
GDL-C,QEE.TO
GDO,QHY.TO
GDOT,QIE.TO
GDV,QINF.TO
GDV-H,QIPT.TO
GDV-K,QLB.TO
GE,QMAX.TO
GEF,QQC.TO
GEL,QQCC.TO
GENI,QQCE.TO
GEO,QQCI.TO
GES,QQCL.TO
GETY,QQD.TO
GEV,QQEQ.TO
GF,QQJE.TO
GFF,QQJR.TO
GFI,QQQL.TO
GFL,QQQT.TO
GFR,QQQX.TO
GGB,QQQY.TO
GGG,QQU.TO
GGT,QRC.TO
GGT-E,QRET.TO
GGT-G,QSB.TO
GGZ,QSR.TO
GHC,QTLT.TO
GHG,QTRH.TO
GHI,QUB.TO
GHLD,QUIG.TO
GHM,QUS.TO
GHY,QUU.TO
GIB,QXM.TO
GIC,RAAA.TO
GIL,RATE.TO
GIS,RBA.TO
GJH,RBNK.TO
GJO,RBO.TO
GJP,RBOT.TO
GJR,RBY.TO
GJS,RCD.TO
GJT,RCDC.TO
GKOS,RCG.TO
GL,RCH.TO
GL-D,RDBH.TO
GLO-A,REAL.TO
GLO-B,RGBM.TO
GLO-C,RGQN.TO
GLOB,RGQO.TO
GLP,RGQP.TO
GLP-B,RGQQ.TO
GLW,RGQR.TO
GM,RGQS.TO
GME,RID.TO
GMED,RIDH.TO
GMR-A,RIFI.TO
GMRE,RIGE.TO
GMS,RIIN.TO
GNE,RING.TO
GNK,RIRA.TO
GNL,RIT.TO
GNL-A,RITD.TO
GNL-B,RITU.TO
GNL-D,RLB.TO
GNL-E,RMAX.TO
GNRC,ROOT.TO
GNT,RPD.TO
GNT-A,RPDH.TO
GNTY,RPF.TO
GNW,RPSB.TO
GOF,RQN.TO
GOLD,RQO.TO
GOLF,RQP.TO
GOOS,RQQ.TO
GOTU,RQR.TO
GPC,RQS.TO
GPI,RS.TO
GPJA,RSI.TO
GPK,RTG.TO
GPM-A,RUBH.TO
GPMT,RUBY.TO
GPN,RUD.TO
GPOR,RUDB.TO
GPRK,RUDC.TO
GRB-A,RUDH.TO
GRBK,RUP.TO
GRC,RUQN.TO
GRDN,RUQO.TO
GRMN,RUQP.TO
GRND,RUQQ.TO
GRNT,RUQR.TO
GROV,RUQS.TO
GRW,RUS.TO
GRX,RUSB.TO
GS,RVX.TO
GS-A,RXD.TO
GS-C,RY.TO
GS-D,S.TO
GSBD,SAFE.TO
GSK,SAM.TO
GSL,SAP.TO
GSL-B,SAU.TO
GTES,SBC.TO
GTL-B,SBI.TO
GTLS,SBT.TO
GTN,SCR.TO
GTY,SCY.TO
GUG,SDE.TO
GUT,SEA.TO
GUT-C,SEC.TO
GVA,SES.TO
GWH,SFC.TO
GWRE,SFD.TO
GWW,SFI.TO
GXO,SFTC.TO
GYLD,SGLD.TO
H,SGY.TO
HAE,SHLE.TO
HAFN,SHOP.TO
HAL,SIA.TO
HASI,SII.TO
HAYW,SIL.TO
HBB,SIS.TO
HBI,SJ.TO
HBM,SKE.TO
HCA,SKYY.TO
HCC,SLF.TO
HCI,SLR.TO
HCXY,SLS.TO
HD,SLVD.TO
HDB,SLVU.TO
HE,SMAX.TO
HEI,SMC.TO
HEQ,SMT.TO
HES,SMVP.TO
HESM,SOBO.TO
HF,SOIL.TO
HFR-A,SOLG.TO
HFRO,SOY.TO
HG,SPAY.TO
HGER,SPB.TO
HGLB,SPFD.TO
HGTY,SPLT.TO
HGV,SPPP.TO
HHH,SPXD.TO
HI,SPXI.TO
HIG,SPXU.TO
HIG-G,SSL.TO
HII,SSRM.TO
HIMS,STC.TO
HIO,STCK.TO
HIPO,STEP.TO
HIW,STGO.TO
HIX,STLR.TO
HKD,STN.TO
HL,STPL.TO
HL-B,SU.TO
HLF,SVA.TO
HLI,SVB.TO
HLIO,SVI.TO
HLLY,SVM.TO
HLN,SVR.TO
HLT,SWIN.TO
HLX,SWP.TO
HMC,SXI.TO
HMN,SXP.TO
HMY,SYLD.TO
HNI,SYZ.TO
HOG,T.TO
HOMB,TA.TO
HOUS,TAL.TO
HOV,TBAL.TO
HP,TBCE.TO
HPE,TBCF.TO
HPE-C,TBCG.TO
HPF,TBCH.TO
HPI,TBCI.TO
HPP,TBCJ.TO
HPP-C,TBIL.TO
HPQ,TBL.TO
HPS,TBNK.TO
HQH,TC.TO
HQL,TCBN.TO
HR,TCLB.TO
HRB,TCLV.TO
HRI,TCON.TO
HRL,TCS.TO
HRTG,TCSB.TO
HSBC,TCSH.TO
HSHP,TCW.TO
HSY,TD.TO
HTB,TDB.TO
HTD,TDOC.TO
HTFB,TEC.TO
HTFC,TECH.TO
HTGC,TECI.TO
HTH,TECX.TO
HUBB,TERM.TO
HUBS,TF.TO
HUM,TFII.TO
HUN,TFPM.TO
HUYA,TGAF.TO
HVT,TGED.TO
HWM,TGFI.TO
HXL,TGGR.TO
HY,TGO.TO
HYAC,TGRE.TO
HYB,TGRO.TO
HYBX,TH.TO
HYI,The.TO
HYT,THNC.TO
HYTR,THU.TO
HZO,TI.TO
IAE,TIH.TO
IAG,TILV.TO
IBM,TINF.TO
IBN,TIPS.TO
IBP,TIXT.TO
IBTA,TKN.TO
ICE,TKO.TO
ICL,TLF.TO
ICR-A,TLG.TO
IDA,TLO.TO
IDE,TLRY.TO
IDT,TLV.TO
IEX,TMQ.TO
IFF,TNZ.TO
IFN,TOT.TO
IFS,TOU.TO
IGA,TOWR.TO
IGCB,TOY.TO
IGD,TPE.TO
IGI,TPRF.TO
IGR,TPU.TO
IGT,TPZ.TO
IH,TQCD.TO
IHD,TQGD.TO
IHG,TQGM.TO
IHS,TQSM.TO
IIF,TRI.TO
IIIN,TRP.TO
IIM,TRVI.TO
IIP-A,TRVL.TO
IIPR,TRX.TO
IMAX,TRZ.TO
INFA,TSAT.TO
INFY,TSK.TO
ING,TSL.TO
INGM,TSLA.TO
INGR,TSLY.TO
INN,TSND.TO
INN-E,TSU.TO
INN-F,TTNM.TO
INR,TTP.TO
INSI,TTTX.TO
INSP,TUED.TO
INSW,TUEX.TO
INVH,TUHY.TO
INVX,TULB.TO
IONQ,TULV.TO
IOT,TUSB.TO
IP,TVE.TO
IPB,TVK.TO
IPG,TWC.TO
IPI,TWM.TO
IQI,TXF.TO
IQV,TXG.TO
IR,TXP.TO
IRM,UDA.TO
IRS,UDIV.TO
IRT,UMAX.TO
ISD,UMI.TO
IT,UNC.TO
ITGR,UNI.TO
ITT,URB.TO
ITUB,URC.TO
ITW,URE.TO
IVR,USA.TO
IVR-C,USCC.TO
IVT,USCL.TO
IVZ,USSL.TO
IX,USSX.TO
J,UTES.TO
JACS,UTIL.TO
JBGS,VA.TO
JBI,VAB.TO
JBK,VALT.TO
JBL,VBAL.TO
JBND,VBNK.TO
JBTM,VCB.TO
JCE,VCE.TO
JCI,VCIP.TO
JEF,VCM.TO
JELD,VCN.TO
JEQ,VCNS.TO
JFR,VDU.TO
JGH,VDY.TO
JHG,VE.TO
JHI,VEE.TO
JHS,VEF.TO
JHX,VEQT.TO
JILL,VET.TO
JKS,VFV.TO
JLL,VGG.TO
JLS,VGH.TO
JMIA,VGRO.TO
JMM,VGV.TO
JNJ,VGZ.TO
JNPR,VHI.TO
JOBY,VI.TO
JOE,VIDY.TO
JOF,VIU.TO
JPC,VLB.TO
JPI,VLE.TO
JPM,VLN.TO
JPM-C,VMO.TO
JPM-D,VNP.TO
JPM-J,VOLX.TO
JPM-K,VOXR.TO
JPM-L,VQS.TO
JPM-M,VRE.TO
JQC,VRIF.TO
JRI,VRN.TO
JRS,VRTS.TO
JWN,VSB.TO
JXN,VSC.TO
JXN-A,VSP.TO
K,VUN.TO
KAI,VUS.TO
KAR,VVL.TO
KB,VVO.TO
KBDC,VVSG.TO
KBH,VXC.TO
KBR,VXM.TO
KD,VZLA.TO
KEN,WAAV.TO
KEP,WCN.TO
KEX,WCP.TO
KEY,WDO.TO
KEY-I,WEED.TO
KEY-J,WEF.TO
KEY-K,WELL.TO
KEY-L,WFC.TO
KEYS,WFG.TO
KF,WGX.TO
KFRC,WILD.TO
KFS,WJX.TO
KFY,WLLW.TO
KGC,WM.TO
KGS,WN.TO
KIM,WNDR.TO
KIM-L,WOMN.TO
KIM-M,WPK.TO
KIM-N,WPM.TO
KIND,WPRT.TO
KIO,WRG.TO
KKR,WRN.TO
KKRS,WRX.TO
KLC,WSP.TO
KLG,WSRD.TO
KMB,WSRI.TO
KMI,WTE.TO
KMPB,WXM.TO
KMPR,X.TO
KMT,XAD.TO
KMX,XAGG.TO
KN,XAGH.TO
KNF,XAM.TO
KNOP,XAU.TO
KNSL,XAW.TO
KNTK,XBAL.TO
KNX,XBB.TO
KO,XBM.TO
KODK,XCB.TO
KOF,XCBG.TO
KOP,XCBU.TO
KORE,XCD.TO
KOS,XCG.TO
KR,XCH.TO
KRC,XCHP.TO
KRE-A,XCLN.TO
KREF,XCNS.TO
KRG,XCS.TO
KRMN,XCSR.TO
KRO,XCV.TO
KRP,XDG.TO
KSS,XDGH.TO
KT,XDIV.TO
KTB,XDNA.TO
KTF,XDRV.TO
KTH,XDSR.TO
KTN,XDU.TO
KUKE,XDUH.TO
KVUE,XDV.TO
KVYO,XEB.TO
KW,XEC.TO
KWR,XEF.TO
KYN,XEG.TO
L,XEH.TO
LAC,XEI.TO
LAD,XEM.TO
LADR,XEMC.TO
LANV,XEN.TO
LAR,XEQT.TO
LAW,XESG.TO
LAZ,XETM.TO
LB,XEU.TO
LBRT,XEXP.TO
LC,XFH.TO
LCII,XFLB.TO
LDI,XFLI.TO
LDOS,XFLX.TO
LDP,XFN.TO
LEA,XFR.TO
LEG,XGB.TO
LEN,XGD.TO
LEO,XGI.TO
LEVI,XGRO.TO
LFT,XHAK.TO
LFT-A,XHB.TO
LGI,XHC.TO
LH,XHD.TO
LHX,XHU.TO
LICY,XHY.TO
LII,XIC.TO
LITB,XID.TO
LLY,XIG.TO
LMND,XIGS.TO
LMT,XIN.TO
LNC,XINC.TO
LNC-D,XIT.TO
LND,XIU.TO
LNG,XLB.TO
LNN,XLY.TO
LOAR,XMA.TO
LOB,XMC.TO
LOCL,XMD.TO
LOMA,XMH.TO
LOW,XMI.TO
LPG,XML.TO
LPL,XMM.TO
LPX,XMS.TO
LRN,XMTM.TO
LSPD,XMU.TO
LTC,XMV.TO
LTH,XMW.TO
LTM,XMY.TO
LU,XPF.TO
LUCK,XQB.TO
LUMN,XQLT.TO
LUV,XQQ.TO
LVS,XQQU.TO
LVWR,XRB.TO
LW,XRE.TO
LXFR,XSAB.TO
LXP,XSB.TO
LXP-C,XSC.TO
LXU,XSE.TO
LYB,XSEA.TO
LYG,XSEM.TO
LYV,XSH.TO
LZB,XSHG.TO
LZM,XSHU.TO
M,XSI.TO
MA,XSMC.TO
MAA,XSMH.TO
MAA-I,XSP.TO
MAC,XSPC.TO
MAGN,XST.TO
MAIN,XSTB.TO
MAN,XSTH.TO
MANU,XSTP.TO
MAS,XSU.TO
MATV,XSUS.TO
MATX,XTC.TO
MAV,XTD.TO
MAX,XTG.TO
MBC,XTLH.TO
MBI,XTLT.TO
MC,XTR.TO
MCB,XTRA.TO
MCD,XUH.TO
MCI,XUS.TO
MCK,XUSC.TO
MCN,XUSF.TO
MCO,XUSR.TO
MCR,XUT.TO
MCS,XUU.TO
MCY,XVLU.TO
MD,XWD.TO
MDST,Y.TO
MDT,YCM.TO
MDU,YGR.TO
MDV,YRB.TO
MDV-A,ZACE.TO
MEC,ZAG.TO
MED,ZBAL.TO
MEG,ZBBB.TO
MEGI,ZBI.TO
MEI,ZBK.TO
MER-K,ZCB.TO
MET,ZCDB.TO
MET-A,ZCH.TO
MET-E,ZCLN.TO
MET-F,ZCM.TO
MFA,ZCN.TO
MFA-B,ZCON.TO
MFA-C,ZCPB.TO
MFAN,ZCS.TO
MFAO,ZDB.TO
MFC,ZDH.TO
MFG,ZDI.TO
MFM,ZDJ.TO
MFSB,ZDM.TO
MFSG,ZDV.TO
MFSI,ZDY.TO
MFSM,ZEA.TO
MFSV,ZEAT.TO
MG,ZEB.TO
MGA,ZEF.TO
MGF,ZEM.TO
MGM,ZEO.TO
MGR,ZEQ.TO
MGRB,ZEQT.TO
MGRD,ZESG.TO
MGRE,ZFC.TO
MGY,ZFH.TO
MHD,ZFL.TO
MHF,ZFM.TO
MHI,ZFN.TO
MHK,ZFS.TO
MHLA,ZGB.TO
MHN,ZGD.TO
MHNC,ZGI.TO
MHO,ZGLD.TO
MIN,ZGLH.TO
MIO,ZGQ.TO
MIR,ZGRN.TO
MIT-A,ZGRO.TO
MIT-B,ZGSB.TO
MIT-C,ZHP.TO
MITN,ZHU.TO
MITP,ZHY.TO
MITT,ZIC.TO
MIY,ZID.TO
MKC,ZIN.TO
MKFG,ZIQ.TO
MKL,ZIU.TO
ML,ZJG.TO
MLI,ZJK.TO
MLM,ZJPN.TO
MLNK,ZLB.TO
MLP,ZLC.TO
MLR,ZLD.TO
MMC,ZLE.TO
MMD,ZLH.TO
MMI,ZLI.TO
MMKT,ZLSC.TO
MMM,ZLSU.TO
MMS,ZLU.TO
MMT,ZMBS.TO
MMU,ZMI.TO
MNR,ZMID.TO
MNSO,ZMMK.TO
MO,ZMP.TO
MOD,ZMSB.TO
MODG,ZMT.TO
MOGU,ZMU.TO
MOH,ZNQ.TO
MOS,ZPAY.TO
MOV,ZPH.TO
MP,ZPL.TO
MPA,ZPR.TO
MPC,ZPS.TO
MPLN,ZPW.TO
MPLX,ZQB.TO
MPV,ZQQ.TO
MPW,ZRE.TO
MPX,ZRR.TO
MQT,ZSB.TO
MQY,ZSDB.TO
MRC,ZSML.TO
MRK,ZSP.TO
MRP,ZST.TO
MS,ZSU.TO
MS-A,ZTIP.TO
MS-E,ZUAG.TO
MS-F,ZUB.TO
MS-I,ZUCM.TO
MS-K,ZUD.TO
MS-L,ZUE.TO
MS-O,ZUGE.TO
MS-P,ZUH.TO
MS-Q,ZUP.TO
MSA,ZUQ.TO
MSB,ZUT.TO
MSC,ZUVE.TO
MSCI,ZVC.TO
MSD,ZVU.TO
MSDL,ZWA.TO
MSGE,ZWB.TO
MSGS,ZWC.TO
MSI,ZWE.TO
MSIF,ZWEN.TO
MSM,ZWG.TO
MT,ZWH.TO
MTAL,ZWHC.TO
MTB,ZWK.TO
MTB-H,ZWP.TO
MTB-J,ZWQT.TO
MTD,ZWS.TO
MTDR,ZWT.TO
MTG,ZWU.TO
MTH,ZXLB.TO
MTN,ZXLC.TO
MTR,ZXLE.TO
MTRN,ZXLF.TO
MTUS,ZXLI.TO
MTW,ZXLK.TO
MTX,ZXLP.TO
MTZ,ZXLU.TO
MUA,ZXLV.TO
MUC,ZXLY.TO
MUE,ZXM.TO
MUFG,ZZZD.TO
MUI,
MUJ,
MUR,
MUSA,
MUSE,
MUX,
MVF,
MVO,
MVT,
MWA,
MX,
MXE,
MXF,
MYD,
MYE,
MYI,
MYN,
MYTE,
NABL,
NAC,
NAD,
NAN,
NAT,
NATL,
NAZ,
NBB,
NBHC,
NBR,
NBXG,
NC,
NCA,
NCDL,
NCLH,
NCV,
NCV-A,
NCZ,
NCZ-A,
NDMO,
NE,
NEA,
NEE,
NEE-N,
NEE-R,
NEE-S,
NEE-T,
NEM,
NEP,
NET,
NETZ,
NEU,
NEUE,
NEXA,
NFG,
NFJ,
NGG,
NGL,
NGL-B,
NGL-C,
NGS,
NGVC,
NGVT,
NHI,
NI,
NIC,
NIE,
NIM,
NINE,
NIO,
NJR,
NKE,
NKX,
NL,
NLOP,
NLY,
NLY-F,
NLY-G,
NLY-I,
NMAI,
NMCO,
NMG,
NMI,
NMM,
NMR,
NMS,
NMT,
NMZ,
NNI,
NNN,
NNY,
NOA,
NOAH,
NOC,
NOG,
NOK,
NOM,
NOMD,
NOTE,
NOV,
NOVA,
NOW,
NPB,
NPCT,
NPFD,
NPK,
NPKI,
NPO,
NPV,
NPWR,
NQP,
NRDY,
NRE-A,
NREF,
NRG,
NRGV,
NRK,
NRP,
NRT,
NRUC,
NSA,
NSA-A,
NSA-B,
NSC,
NSP,
NTB,
NTR,
NTST,
NTZ,
NU,
NUE,
NUS,
NUV,
NUVB,
NUW,
NVG,
NVGS,
NVO,
NVR,
NVRI,
NVRO,
NVS,
NVST,
NVT,
NWG,
NWN,
NX,
NXC,
NXD-A,
NXDT,
NXE,
NXG,
NXJ,
NXN,
NXP,
NXRT,
NYC,
NYT,
NZF,
O,
OAK-A,
OAK-B,
OBDC,
OBK,
OC,
OCFT,
ODC,
ODV,
OEC,
OFG,
OGE,
OGN,
OGS,
OHI,
OI,
OIA,
OII,
OIS,
OKE,
OKLO,
OLN,
OLO,
OLP,
OMC,
OMF,
OMI,
ONIT,
ONL,
ONON,
ONTF,
ONTO,
OOMA,
OPAD,
OPFI,
OPP,
OPP-A,
OPP-B,
OPY,
OR,
ORA,
ORC,
ORCL,
ORI,
ORN,
OSCR,
OSK,
OTIS,
OUT,
OVV,
OWL,
OWLT,
OXM,
OXY,
PAAS,
PAC,
PACK,
PACS,
PAG,
PAGS,
PAI,
PAM,
PAR,
PARR,
PATH,
PAXS,
PAY,
PAYC,
PB,
PBA,
PBF,
PBH,
PBI,
PBI-B,
PBR,
PBT,
PCF,
PCG,
PCG-X,
PCK,
PCM,
PCN,
PCOR,
PCQ,
PD,
PDCC,
PDI,
PDM,
PDO,
PDPA,
PDS,
PDT,
PDX,
PEB,
PEB-E,
PEB-F,
PEB-G,
PEB-H,
PEG,
PEN,
PEO,
PERF,
PFD,
PFE,
PFGC,
PFH,
PFL,
PFLT,
PFN,
PFO,
PFS,
PFSI,
PG,
PGP,
PGR,
PGRE,
PGZ,
PH,
PHD,
PHG,
PHI,
PHIN,
PHK,
PHM,
PHR,
PHT,
PHX,
PII,
PIM,
PINE,
PINS,
PIPR,
PJT,
PK,
PKE,
PKG,
PKST,
PKX,
PL,
PLD,
PLNT,
PLOW,
PLYM,
PM,
PMF,
PML,
PMM,
PMO,
PMT,
PMT-A,
PMT-B,
PMT-C,
PMTU,
PMTV,
PMX,
PNC,
PNF,
PNI,
PNNT,
PNR,
PNST,
PNW,
POR,
POST,
PPG,
PPL,
PPT,
PR,
PRA,
PRCS,
PRG,
PRGO,
PRH,
PRI,
PRI-D,
PRI-F,
PRI-H,
PRI-I,
PRI-J,
PRI-K,
PRI-L,
PRIM,
PRKS,
PRLB,
PRM,
PRMB,
PRO,
PRS,
PRSU,
PRT,
PRU,
PRVS,
PSA,
PSA-F,
PSA-G,
PSA-H,
PSA-I,
PSA-J,
PSA-K,
PSA-L,
PSA-M,
PSA-N,
PSA-O,
PSA-P,
PSA-Q,
PSA-R,
PSA-S,
PSBD,
PSE-A,
PSF,
PSFE,
PSN,
PSO,
PSQH,
PSTG,
PSTL,
PSX,
PTA,
PTY,
PUK,
PUMP,
PVH,
PVL,
PWR,
PWRD,
PX,
PYN,
PYT,
PZC,
QBTS,
QD,
QGEN,
QS,
QSR,
QTWO,
QUAD,
QVCC,
QVCD,
QXO,
R,
RA,
RACE,
RAMP,
RBA,
RBC,
RBLX,
RBOT,
RBRK,
RC,
RC-C,
RC-E,
RCB,
RCC,
RCD,
RCI,
RCL,
RCS,
RCUS,
RDDT,
RDN,
RDW,
RDY,
RELX,
RERE,
RES,
REVG,
REX,
REX-B,
REX-C,
REXR,
REZI,
RF,
RF-C,
RF-E,
RF-F,
RFI,
RFL,
RFM,
RFMZ,
RGA,
RGR,
RGT,
RH,
RHI,
RHP,
RIG,
RIO,
RIT-A,
RIT-B,
RIT-C,
RIT-D,
RITM,
RIV,
RIV-A,
RJF,
RJF-B,
RKT,
RL,
RLI,
RLJ,
RLJ-A,
RLTY,
RLX,
RM,
RMAX,
RMD,
RMI,
RMM,
RMMZ,
RMT,
RNG,
RNGR,
RNP,
RNR,
RNR-F,
RNR-G,
RNST,
ROG,
ROK,
ROL,
RPM,
RPT,
RQI,
RRC,
RRX,
RS,
RSF,
RSG,
RSI,
RSKD,
RTO,
RTX,
RVLV,
RVT,
RVTY,
RWT,
RWT-A,
RWTN,
RWTO,
RWTP,
RXO,
RY,
RYAM,
RYAN,
RYI,
RYN,
RZB,
RZC,
S,
SA,
SABA,
SAFE,
SAH,
SAJ,
SAM,
SAN,
SAND,
SAP,
SAR,
SARO,
SAT,
SAY,
SAZ,
SB,
SB-C,
SB-D,
SBBA,
SBH,
SBI,
SBR,
SBS,
SBSI,
SBSW,
SBXD,
SCCO,
SCD,
SCE-G,
SCE-J,
SCE-K,
SCE-L,
SCE-M,
SCE-N,
SCH-D,
SCH-J,
SCHW,
SCI,
SCL,
SCM,
SCS,
SD,
SDHC,
SDHY,
SDRL,
SE,
SEA-A,
SEA-B,
SEE,
SEI,
SEM,
SEMR,
SES,
SF,
SF-B,
SF-C,
SF-D,
SFB,
SFBS,
SFL,
SG,
SGHC,
SGI,
SGU,
SHAK,
SHCO,
SHEL,
SHG,
SHO,
SHO-H,
SHO-I,
SHOC,
SHOP,
SHW,
SID,
SIG,
SII,
SILA,
SITC,
SITE,
SJM,
SJT,
SKE,
SKIL,
SKLZ,
SKM,
SKT,
SKX,
SKY,
SKYH,
SLB,
SLF,
SLG,
SLG-I,
SLGN,
SLNZ,
SLQT,
SLVM,
SM,
SMBK,
SMC,
SMFG,
SMG,
SMHI,
SMP,
SMR,
SMRT,
SMWB,
SN,
SNA,
SNAP,
SNDA,
SNDR,
SNN,
SNOW,
SNV,
SNV-D,
SNV-E,
SNX,
SO,
SOBO,
SOC,
SOJC,
SOJD,
SOJE,
SOJF,
SOL,
SOLV,
SON,
SONY,
SOR,
SOS,
SPB,
SPCE,
SPE,
SPE-C,
SPG,
SPG-J,
SPGI,
SPH,
SPHR,
SPIR,
SPL-A,
SPLP,
SPMA,
SPMC,
SPN-B,
SPNT,
SPOT,
SPR,
SPRU,
SPXC,
SPXX,
SQM,
SQNS,
SR,
SR-A,
SRE,
SREA,
SRFM,
SRG,
SRG-A,
SRI,
SRL,
SRV,
SSB,
SSD,
SSL,
SST,
SSTK,
ST,
STAG,
STC,
STE,
STEL,
STEM,
STEW,
STG,
STK,
STLA,
STM,
STN,
STNG,
STR,
STRV,
STT,
STT-G,
STVN,
STWD,
STXD,
STXE,
STXG,
STXI,
STXK,
STXM,
STXT,
STXV,
STZ,
SU,
SUI,
SUM,
SUN,
SUP,
SUPP,
SUPV,
SUZ,
SVV,
SW,
SWI,
SWK,
SWX,
SWZ,
SXC,
SXI,
SXT,
SYF,
SYF-A,
SYF-B,
SYK,
SYY,
T,
T-A,
T-C,
TAC,
TAK,
TAL,
TALO,
TAP,
TBB,
TBBB,
TBI,
TBN,
TCI,
TD,
TDC,
TDF,
TDG,
TDOC,
TDS,
TDS-U,
TDS-V,
TDW,
TDY,
TEAF,
TECK,
TEF,
TEI,
TEL,
TEN,
TEN-E,
TEN-F,
TEO,
TEVA,
TEX,
TFC,
TFC-I,
TFC-O,
TFC-R,
TFII,
TFPM,
TFSA,
TFX,
TG,
TGI,
TGLS,
TGNA,
TGS,
TGT,
THC,
THG,
THIR,
THLV,
THO,
THQ,
THR,
THS,
THW,
TIMB,
TISI,
TIXT,
TJX,
TK,
TKC,
TKO,
TKR,
TLK,
TLYS,
TM,
TME,
TMHC,
TMO,
TNC,
TNET,
TNK,
TNL,
TOL,
TOST,
TPB,
TPC,
TPH,
TPL,
TPR,
TPTA,
TPVG,
TPX,
TPZ,
TR,
TRAK,
TRC,
TREX,
TRGP,
TRI,
TRN,
TRNO,
TROX,
TRP,
TRT-A,
TRT-B,
TRT-C,
TRT-D,
TRT-E,
TRT-F,
TRT-P,
TRTX,
TRU,
TRV,
TS,
TSE,
TSI,
TSLX,
TSM,
TSN,
TSQ,
TT,
TTAM,
TTC,
TTE,
TTI,
TU,
TUYA,
TV,
TVC,
TVE,
TWI,
TWLO,
TWN,
TWO,
TWO-A,
TWO-B,
TWO-C,
TX,
TXNM,
TXO,
TXT,
TY,
TYG,
TYL,
U,
UA,
UAA,
UAN,
UBER,
UBS,
UCB,
UCB-I,
UDR,
UE,
UFI,
UGI,
UGP,
UHAL,
UHS,
UHT,
UI,
UIS,
UL,
ULS,
UMC,
UMH,
UMH-D,
UNF,
UNFI,
UNH,
UNM,
UNMA,
UNP,
UP,
UPS,
URI,
USA,
USAC,
USB,
USB-A,
USB-H,
USB-P,
USB-Q,
USB-R,
USB-S,
USFD,
USM,
USNA,
USPH,
UTF,
UTI,
UTL,
UTZ,
UVE,
UVV,
UWMC,
UZD,
UZE,
UZF,
V,
VAC,
VAL,
VALE,
VATE,
VBF,
VCV,
VEEV,
VEL,
VET,
VFC,
VG,
VGI,
VGM,
VHC,
VHI,
VICI,
VIK,
VIPS,
VIST,
VIV,
VKQ,
VLN,
VLO,
VLRS,
VLT,
VLTO,
VMC,
VMI,
VMO,
VNCE,
VNO,
VNO-L,
VNO-M,
VNO-N,
VNO-O,
VNT,
VOC,
VOTE,
VOY-B,
VOYA,
VPG,
VPV,
VRE,
VRN,
VRT,
VRTS,
VSCO,
VSH,
VST,
VSTS,
VTEX,
VTLE,
VTMX,
VTN,
VTOL,
VTR,
VTS,
VVR,
VVV,
VVX,
VYX,
VZ,
W,
WAB,
WAL,
WAL-A,
WAT,
WBS,
WBS-F,
WBS-G,
WBX,
WCC,
WCC-A,
WCN,
WD,
WDH,
WDI,
WDS,
WEA,
WEAV,
WEC,
WELL,
WES,
WEX,
WF,
WFC,
WFC-A,
WFC-C,
WFC-D,
WFC-L,
WFC-Y,
WFC-Z,
WFG,
WGO,
WH,
WHD,
WHG,
WHR,
WIA,
WINN,
WIT,
WIW,
WK,
WKC,
WLK,
WLKP,
WLTG,
WLY,
WLYB,
WM,
WMB,
WMK,
WMS,
WMT,
WNC,
WNS,
WOLF,
WOR,
WOW,
WPC,
WPM,
WPP,
WRB,
WRB-E,
WRB-F,
WRB-G,
WRB-H,
WRBY,
WS,
WSM,
WSO,
WSR,
WST,
WT,
WTI,
WTM,
WTRG,
WTS,
WTTR,
WU,
WWW,
WY,
X,
XFL-A,
XFLT,
XHR,
XIFR,
XIN,
XOM,
XPER,
XPEV,
XPO,
XPOF,
XPRO,
XYF,
XYL,
XYZ,
YALA,
YELP,
YETI,
YEXT,
YMM,
YOU,
YPF,
YRD,
YSG,
YUM,
YUMC,
ZBH,
ZEPP,
ZETA,
ZGN,
ZH,
ZIM,
ZIP,
ZK,
ZKH,
ZTO,
ZTR,
ZTS,
ZUO,
ZVIA,
ZWS,
